Date,Order ID,Customer ID,Region,Product,Category,Units Sold,Unit Price
2025-05-12,ORD10000,CUST2203,South,Microwave,Home Appliances,5,150
2025-05-07,ORD10001,CUST9564,North,Tablet,Electronics,6,499
2025-05-29,ORD10002,CUST1272,North,Jacket,Clothing,2,75
2025-05-08,ORD10003,CUST2761,South,Smartphone,Electronics,9,699
2025-05-21,ORD10004,CUST5135,South,Jacket,Clothing,1,75
2025-05-29,ORD10005,CUST6727,South,Action Figure,Toys,3,30
2025-05-22,ORD10006,CUST2758,South,Laptop,Electronics,5,999
2025-05-06,ORD10007,CUST8251,East,Board Game,Toys,4,40
2025-05-27,ORD10008,CUST5557,West,T-shirt,Clothing,4,25
2025-05-13,ORD10009,CUST4303,South,Jacket,Clothing,6,75
2025-05-01,ORD10010,CUST3282,East,Blender,Home Appliances,2,89
2025-05-28,ORD10011,CUST7488,North,Action Figure,Toys,6,30
2025-05-18,ORD10012,CUST4548,South,Blender,Home Appliances,8,89
2025-05-21,ORD10013,CUST6679,South,Smartphone,Electronics,2,699
2025-05-09,ORD10014,CUST5487,South,Board Game,Toys,1,40
2025-05-20,ORD10015,CUST4698,East,Microwave,Home Appliances,6,150
2025-05-13,ORD10016,CUST7713,East,T-shirt,Clothing,9,25
2025-05-14,ORD10017,CUST2833,North,Puzzle,Toys,8,20
2025-05-06,ORD10018,CUST1556,East,Laptop,Electronics,3,999
2025-05-29,ORD10019,CUST4103,West,Jacket,Clothing,6,75
2025-05-23,ORD10020,CUST6922,North,T-shirt,Clothing,2,25
2025-05-06,ORD10021,CUST4492,West,Tablet,Electronics,8,499
2025-05-02,ORD10022,CUST7636,North,Smartphone,Electronics,10,699
2025-05-10,ORD10023,CUST4838,East,Microwave,Home Appliances,9,150
2025-05-14,ORD10024,CUST4718,North,Puzzle,Toys,2,20
2025-05-11,ORD10025,CUST4299,North,Tablet,Electronics,10,499
2025-05-07,ORD10026,CUST5624,East,Laptop,Electronics,5,999
2025-05-23,ORD10027,CUST6672,East,Board Game,Toys,7,40
2025-05-05,ORD10028,CUST5100,East,T-shirt,Clothing,9,25
2025-05-10,ORD10029,CUST2351,West,T-shirt,Clothing,9,25
2025-05-14,ORD10030,CUST6172,West,Tablet,Electronics,6,499
2025-05-25,ORD10031,CUST8672,East,Action Figure,Toys,7,30
2025-05-09,ORD10032,CUST7744,North,Smartphone,Electronics,6,699
2025-05-25,ORD10033,CUST9141,North,Jeans,Clothing,3,50
2025-05-09,ORD10034,CUST4136,South,Action Figure,Toys,6,30
2025-05-27,ORD10035,CUST6983,North,Jeans,Clothing,10,50
2025-05-08,ORD10036,CUST1751,North,Board Game,Toys,6,40
2025-05-28,ORD10037,CUST3673,South,T-shirt,Clothing,4,25
2025-05-13,ORD10038,CUST8714,East,Jeans,Clothing,3,50
2025-05-27,ORD10039,CUST3201,East,Action Figure,Toys,2,30
2025-05-08,ORD10040,CUST3294,South,Jacket,Clothing,5,75
2025-05-20,ORD10041,CUST9548,East,Puzzle,Toys,4,20
2025-05-12,ORD10042,CUST7320,West,Blender,Home Appliances,6,89
2025-05-28,ORD10043,CUST9172,South,Tablet,Electronics,9,499
2025-05-21,ORD10044,CUST1054,East,Board Game,Toys,5,40
2025-05-31,ORD10045,CUST4270,West,Board Game,Toys,6,40
2025-05-24,ORD10046,CUST5420,West,T-shirt,Clothing,8,25
2025-05-27,ORD10047,CUST7708,West,Air Conditioner,Home Appliances,1,399
2025-05-26,ORD10048,CUST9399,West,Blender,Home Appliances,7,89
2025-05-30,ORD10049,CUST7864,South,Jacket,Clothing,7,75
2025-05-13,ORD10050,CUST5518,North,Jeans,Clothing,2,50
2025-05-20,ORD10051,CUST7534,East,Smartphone,Electronics,6,699
2025-05-02,ORD10052,CUST9471,West,Air Conditioner,Home Appliances,5,399
2025-05-04,ORD10053,CUST6871,West,Puzzle,Toys,4,20
2025-05-21,ORD10054,CUST3514,North,Board Game,Toys,8,40
2025-05-11,ORD10055,CUST7854,West,Jacket,Clothing,8,75
2025-05-04,ORD10056,CUST7104,East,Board Game,Toys,9,40
2025-05-14,ORD10057,CUST9647,West,Board Game,Toys,3,40
2025-05-20,ORD10058,CUST6376,West,Smartphone,Electronics,2,699
2025-05-09,ORD10059,CUST9928,East,Smartphone,Electronics,6,699
2025-05-18,ORD10060,CUST6934,North,Puzzle,Toys,10,20
2025-05-17,ORD10061,CUST4089,East,Puzzle,Toys,2,20
2025-05-10,ORD10062,CUST3381,North,Jeans,Clothing,9,50
2025-05-25,ORD10063,CUST2763,East,T-shirt,Clothing,7,25
2025-05-21,ORD10064,CUST8026,South,Microwave,Home Appliances,9,150
2025-05-28,ORD10065,CUST5775,North,Blender,Home Appliances,1,89
2025-05-07,ORD10066,CUST3389,South,Laptop,Electronics,1,999
2025-05-07,ORD10067,CUST3688,North,T-shirt,Clothing,3,25
2025-05-23,ORD10068,CUST3878,West,Laptop,Electronics,7,999
2025-05-05,ORD10069,CUST4025,South,Jeans,Clothing,4,50
2025-05-16,ORD10070,CUST2267,South,Smartphone,Electronics,8,699
2025-05-14,ORD10071,CUST7543,South,Air Conditioner,Home Appliances,9,399
2025-05-28,ORD10072,CUST1988,North,Jeans,Clothing,3,50
2025-05-03,ORD10073,CUST1341,South,Laptop,Electronics,9,999
2025-05-01,ORD10074,CUST8819,North,Jacket,Clothing,5,75
2025-05-25,ORD10075,CUST4545,South,Puzzle,Toys,5,20
2025-05-17,ORD10076,CUST9248,West,Tablet,Electronics,5,499
2025-05-25,ORD10077,CUST2363,West,Smartphone,Electronics,9,699
2025-05-09,ORD10078,CUST6786,West,Tablet,Electronics,4,499
2025-05-01,ORD10079,CUST1190,East,Board Game,Toys,2,40
2025-05-16,ORD10080,CUST9644,East,Air Conditioner,Home Appliances,6,399
2025-05-30,ORD10081,CUST6946,West,Board Game,Toys,9,40
2025-05-02,ORD10082,CUST3179,East,Board Game,Toys,4,40
2025-05-21,ORD10083,CUST5642,West,Microwave,Home Appliances,4,150
2025-05-08,ORD10084,CUST4703,East,Air Conditioner,Home Appliances,2,399
2025-05-03,ORD10085,CUST7304,North,Puzzle,Toys,7,20
2025-05-03,ORD10086,CUST7549,North,Microwave,Home Appliances,4,150
2025-05-19,ORD10087,CUST9725,West,Air Conditioner,Home Appliances,1,399
2025-05-10,ORD10088,CUST3579,North,Microwave,Home Appliances,1,150
2025-05-19,ORD10089,CUST9916,South,Puzzle,Toys,3,20
2025-05-05,ORD10090,CUST9860,South,T-shirt,Clothing,2,25
2025-05-21,ORD10091,CUST1376,East,Blender,Home Appliances,5,89
2025-05-26,ORD10092,CUST1503,West,T-shirt,Clothing,4,25
2025-05-08,ORD10093,CUST1022,East,Jacket,Clothing,1,75
2025-05-16,ORD10094,CUST4639,North,T-shirt,Clothing,7,25
2025-05-25,ORD10095,CUST7175,South,Laptop,Electronics,6,999
2025-05-10,ORD10096,CUST5484,South,Action Figure,Toys,1,30
2025-05-08,ORD10097,CUST4039,West,Laptop,Electronics,8,999
2025-05-27,ORD10098,CUST9643,West,Smartphone,Electronics,10,699
2025-05-03,ORD10099,CUST5057,East,Action Figure,Toys,7,30
2025-05-17,ORD10100,CUST3813,South,Air Conditioner,Home Appliances,9,399
2025-05-27,ORD10101,CUST3389,North,Blender,Home Appliances,2,89
2025-05-12,ORD10102,CUST6268,South,Action Figure,Toys,4,30
2025-05-01,ORD10103,CUST6332,North,Tablet,Electronics,10,499
2025-05-29,ORD10104,CUST1988,East,Puzzle,Toys,7,20
2025-05-01,ORD10105,CUST5087,West,Board Game,Toys,8,40
2025-05-09,ORD10106,CUST9202,East,Jeans,Clothing,9,50
2025-05-15,ORD10107,CUST1140,East,Air Conditioner,Home Appliances,9,399
2025-05-04,ORD10108,CUST6996,West,T-shirt,Clothing,4,25
2025-05-29,ORD10109,CUST9407,West,Jeans,Clothing,3,50
2025-05-11,ORD10110,CUST1622,West,Blender,Home Appliances,4,89
2025-05-05,ORD10111,CUST6623,East,Jeans,Clothing,1,50
2025-05-19,ORD10112,CUST1871,West,T-shirt,Clothing,7,25
2025-05-02,ORD10113,CUST3168,West,Jacket,Clothing,5,75
2025-05-08,ORD10114,CUST6089,South,Board Game,Toys,4,40
2025-05-21,ORD10115,CUST2142,South,Board Game,Toys,4,40
2025-05-25,ORD10116,CUST1454,East,Board Game,Toys,4,40
2025-05-27,ORD10117,CUST5570,West,Tablet,Electronics,2,499
2025-05-05,ORD10118,CUST3726,East,Laptop,Electronics,4,999
2025-05-16,ORD10119,CUST2760,North,Smartphone,Electronics,7,699
2025-05-26,ORD10120,CUST4159,West,Tablet,Electronics,5,499
2025-05-28,ORD10121,CUST9255,East,Tablet,Electronics,1,499
2025-05-03,ORD10122,CUST6611,West,Board Game,Toys,7,40
2025-05-07,ORD10123,CUST4270,North,Laptop,Electronics,9,999
2025-05-27,ORD10124,CUST6153,South,Air Conditioner,Home Appliances,7,399
2025-05-04,ORD10125,CUST9711,West,Smartphone,Electronics,10,699
2025-05-09,ORD10126,CUST7915,South,Laptop,Electronics,4,999
2025-05-03,ORD10127,CUST7185,East,Board Game,Toys,10,40
2025-05-25,ORD10128,CUST2607,South,Laptop,Electronics,1,999
2025-05-12,ORD10129,CUST9928,East,Laptop,Electronics,6,999
2025-05-31,ORD10130,CUST7034,North,Action Figure,Toys,10,30
2025-05-06,ORD10131,CUST8090,South,Tablet,Electronics,8,499
2025-05-13,ORD10132,CUST4296,South,Microwave,Home Appliances,10,150
2025-05-05,ORD10133,CUST2522,South,T-shirt,Clothing,5,25
2025-05-26,ORD10134,CUST4998,North,Board Game,Toys,5,40
2025-05-20,ORD10135,CUST2048,East,Laptop,Electronics,2,999
2025-05-08,ORD10136,CUST4407,South,Jacket,Clothing,6,75
2025-05-19,ORD10137,CUST9181,East,Jacket,Clothing,4,75
2025-05-28,ORD10138,CUST3147,West,T-shirt,Clothing,6,25
2025-05-31,ORD10139,CUST2436,West,Jacket,Clothing,10,75
2025-05-06,ORD10140,CUST3026,West,Microwave,Home Appliances,10,150
2025-05-12,ORD10141,CUST6003,South,Tablet,Electronics,4,499
2025-05-14,ORD10142,CUST6890,East,T-shirt,Clothing,6,25
2025-05-06,ORD10143,CUST8480,East,Jeans,Clothing,2,50
2025-05-05,ORD10144,CUST6526,West,Blender,Home Appliances,8,89
2025-05-27,ORD10145,CUST2973,South,T-shirt,Clothing,5,25
2025-05-30,ORD10146,CUST4291,East,Blender,Home Appliances,6,89
2025-05-02,ORD10147,CUST8825,West,Jacket,Clothing,7,75
2025-05-28,ORD10148,CUST3291,North,Action Figure,Toys,1,30
2025-05-08,ORD10149,CUST1421,West,Air Conditioner,Home Appliances,6,399
2025-05-16,ORD10150,CUST1425,North,Tablet,Electronics,3,499
2025-05-04,ORD10151,CUST5158,West,Air Conditioner,Home Appliances,7,399
2025-05-26,ORD10152,CUST7895,East,Tablet,Electronics,5,499
2025-05-02,ORD10153,CUST7359,East,Puzzle,Toys,10,20
2025-05-31,ORD10154,CUST8819,North,Puzzle,Toys,10,20
2025-05-01,ORD10155,CUST1461,East,Action Figure,Toys,10,30
2025-05-06,ORD10156,CUST6105,East,Tablet,Electronics,4,499
2025-05-19,ORD10157,CUST8545,East,Laptop,Electronics,1,999
2025-05-13,ORD10158,CUST6139,South,Action Figure,Toys,5,30
2025-05-06,ORD10159,CUST5795,East,Tablet,Electronics,10,499
2025-05-14,ORD10160,CUST1060,East,Board Game,Toys,2,40
2025-05-10,ORD10161,CUST2086,North,Tablet,Electronics,2,499
2025-05-23,ORD10162,CUST7908,North,Tablet,Electronics,7,499
2025-05-21,ORD10163,CUST3654,South,Action Figure,Toys,5,30
2025-05-03,ORD10164,CUST9227,East,Microwave,Home Appliances,1,150
2025-05-23,ORD10165,CUST1976,South,Air Conditioner,Home Appliances,5,399
2025-05-26,ORD10166,CUST9275,North,Board Game,Toys,8,40
2025-05-29,ORD10167,CUST3718,North,Action Figure,Toys,2,30
2025-05-11,ORD10168,CUST2393,East,Laptop,Electronics,5,999
2025-05-15,ORD10169,CUST5713,North,Laptop,Electronics,8,999
2025-05-30,ORD10170,CUST3487,North,Jacket,Clothing,6,75
2025-05-11,ORD10171,CUST9160,North,Board Game,Toys,6,40
2025-05-01,ORD10172,CUST5742,West,T-shirt,Clothing,5,25
2025-05-25,ORD10173,CUST2230,North,Action Figure,Toys,4,30
2025-05-15,ORD10174,CUST2725,South,Microwave,Home Appliances,4,150
2025-05-26,ORD10175,CUST5983,South,Board Game,Toys,4,40
2025-05-01,ORD10176,CUST7478,South,Blender,Home Appliances,3,89
2025-05-01,ORD10177,CUST3710,South,Jeans,Clothing,1,50
2025-05-23,ORD10178,CUST9359,North,Air Conditioner,Home Appliances,9,399
2025-05-07,ORD10179,CUST4826,West,Laptop,Electronics,7,999
2025-05-30,ORD10180,CUST7744,North,Blender,Home Appliances,6,89
2025-05-27,ORD10181,CUST8772,West,T-shirt,Clothing,2,25
2025-05-22,ORD10182,CUST8407,East,Board Game,Toys,2,40
2025-05-14,ORD10183,CUST2748,South,Laptop,Electronics,4,999
2025-05-15,ORD10184,CUST3959,North,Microwave,Home Appliances,3,150
2025-05-10,ORD10185,CUST9974,North,Laptop,Electronics,6,999
2025-05-28,ORD10186,CUST5288,North,Air Conditioner,Home Appliances,3,399
2025-05-14,ORD10187,CUST5411,South,Board Game,Toys,4,40
2025-05-19,ORD10188,CUST7020,South,Puzzle,Toys,1,20
2025-05-15,ORD10189,CUST2260,East,Puzzle,Toys,6,20
2025-05-14,ORD10190,CUST4660,North,Puzzle,Toys,9,20
2025-05-12,ORD10191,CUST3638,East,Blender,Home Appliances,2,89
2025-05-23,ORD10192,CUST7352,East,Board Game,Toys,10,40
2025-05-11,ORD10193,CUST9677,West,Blender,Home Appliances,3,89
2025-05-01,ORD10194,CUST1863,South,Puzzle,Toys,4,20
2025-05-27,ORD10195,CUST4153,East,Blender,Home Appliances,7,89
2025-05-22,ORD10196,CUST9315,South,Smartphone,Electronics,6,699
2025-05-18,ORD10197,CUST2895,East,Jacket,Clothing,7,75
2025-05-27,ORD10198,CUST2226,North,Action Figure,Toys,2,30
2025-05-31,ORD10199,CUST1896,West,Tablet,Electronics,10,499
2025-05-30,ORD10200,CUST8828,East,Puzzle,Toys,1,20
2025-05-20,ORD10201,CUST1443,East,Board Game,Toys,3,40
2025-05-09,ORD10202,CUST8831,East,Jacket,Clothing,3,75
2025-05-22,ORD10203,CUST3954,South,Air Conditioner,Home Appliances,1,399
2025-05-16,ORD10204,CUST5319,South,Blender,Home Appliances,9,89
2025-05-19,ORD10205,CUST3182,West,Air Conditioner,Home Appliances,6,399
2025-05-28,ORD10206,CUST4477,North,Smartphone,Electronics,1,699
2025-05-06,ORD10207,CUST3077,West,Jeans,Clothing,6,50
2025-05-29,ORD10208,CUST6859,East,Laptop,Electronics,5,999
2025-05-11,ORD10209,CUST3125,East,Jeans,Clothing,6,50
2025-05-03,ORD10210,CUST2372,West,Blender,Home Appliances,9,89
2025-05-28,ORD10211,CUST1201,West,Board Game,Toys,6,40
2025-05-02,ORD10212,CUST5901,East,Tablet,Electronics,3,499
2025-05-03,ORD10213,CUST5221,North,Tablet,Electronics,2,499
2025-05-14,ORD10214,CUST5285,South,Blender,Home Appliances,7,89
2025-05-29,ORD10215,CUST2167,East,Action Figure,Toys,8,30
2025-05-29,ORD10216,CUST9092,East,Smartphone,Electronics,10,699
2025-05-22,ORD10217,CUST6095,North,Board Game,Toys,5,40
2025-05-23,ORD10218,CUST6071,East,Puzzle,Toys,7,20
2025-05-28,ORD10219,CUST3987,East,Jacket,Clothing,9,75
2025-05-19,ORD10220,CUST3885,West,T-shirt,Clothing,4,25
2025-05-30,ORD10221,CUST6766,North,Jacket,Clothing,1,75
2025-05-24,ORD10222,CUST4233,South,Board Game,Toys,4,40
2025-05-16,ORD10223,CUST9367,South,Jeans,Clothing,4,50
2025-05-07,ORD10224,CUST6894,North,Smartphone,Electronics,3,699
2025-05-09,ORD10225,CUST2933,North,Puzzle,Toys,1,20
2025-05-22,ORD10226,CUST4885,East,Tablet,Electronics,5,499
2025-05-19,ORD10227,CUST7659,South,Smartphone,Electronics,2,699
2025-05-07,ORD10228,CUST8592,West,Board Game,Toys,3,40
2025-05-09,ORD10229,CUST1102,West,Jacket,Clothing,6,75
2025-05-09,ORD10230,CUST7003,East,Jeans,Clothing,10,50
2025-05-02,ORD10231,CUST7702,East,Laptop,Electronics,3,999
2025-05-06,ORD10232,CUST1023,South,Tablet,Electronics,10,499
2025-05-24,ORD10233,CUST8669,East,Microwave,Home Appliances,1,150
2025-05-28,ORD10234,CUST6926,West,T-shirt,Clothing,3,25
2025-05-20,ORD10235,CUST5632,South,Action Figure,Toys,3,30
2025-05-21,ORD10236,CUST1662,South,Puzzle,Toys,8,20
2025-05-24,ORD10237,CUST9183,East,Air Conditioner,Home Appliances,4,399
2025-05-23,ORD10238,CUST9610,East,Microwave,Home Appliances,3,150
2025-05-02,ORD10239,CUST8466,South,Board Game,Toys,7,40
2025-05-29,ORD10240,CUST5654,West,Tablet,Electronics,9,499
2025-05-24,ORD10241,CUST5803,South,Jacket,Clothing,2,75
2025-05-11,ORD10242,CUST9003,South,T-shirt,Clothing,4,25
2025-05-27,ORD10243,CUST5341,West,Blender,Home Appliances,4,89
2025-05-19,ORD10244,CUST4186,East,Laptop,Electronics,6,999
2025-05-11,ORD10245,CUST4761,West,Puzzle,Toys,1,20
2025-05-12,ORD10246,CUST9174,East,T-shirt,Clothing,10,25
2025-05-15,ORD10247,CUST7435,North,Tablet,Electronics,5,499
2025-05-03,ORD10248,CUST8892,North,Puzzle,Toys,5,20
2025-05-16,ORD10249,CUST9816,West,Tablet,Electronics,3,499
2025-05-01,ORD10250,CUST8770,South,T-shirt,Clothing,9,25
2025-05-05,ORD10251,CUST4817,South,Tablet,Electronics,1,499
2025-05-25,ORD10252,CUST4793,East,T-shirt,Clothing,8,25
2025-05-02,ORD10253,CUST4939,West,Laptop,Electronics,1,999
2025-05-23,ORD10254,CUST1575,South,Blender,Home Appliances,1,89
2025-05-07,ORD10255,CUST9022,West,Board Game,Toys,4,40
2025-05-14,ORD10256,CUST4323,West,Jacket,Clothing,7,75
2025-05-20,ORD10257,CUST1658,South,Puzzle,Toys,7,20
2025-05-12,ORD10258,CUST8915,West,Board Game,Toys,4,40
2025-05-13,ORD10259,CUST6912,East,Puzzle,Toys,9,20
2025-05-30,ORD10260,CUST6406,West,Jacket,Clothing,10,75
2025-05-21,ORD10261,CUST5156,East,Board Game,Toys,8,40
2025-05-16,ORD10262,CUST7294,South,Tablet,Electronics,9,499
2025-05-14,ORD10263,CUST1802,South,Microwave,Home Appliances,10,150
2025-05-14,ORD10264,CUST8620,West,Action Figure,Toys,3,30
2025-05-17,ORD10265,CUST5855,North,Puzzle,Toys,9,20
2025-05-26,ORD10266,CUST4297,South,Tablet,Electronics,3,499
2025-05-20,ORD10267,CUST6208,North,Tablet,Electronics,4,499
2025-05-17,ORD10268,CUST3827,South,Jeans,Clothing,6,50
2025-05-13,ORD10269,CUST7214,South,T-shirt,Clothing,2,25
2025-05-20,ORD10270,CUST4299,North,Jacket,Clothing,5,75
2025-05-31,ORD10271,CUST8610,North,Microwave,Home Appliances,7,150
2025-05-07,ORD10272,CUST3982,West,Puzzle,Toys,10,20
2025-05-15,ORD10273,CUST3744,West,Blender,Home Appliances,3,89
2025-05-12,ORD10274,CUST3080,West,Board Game,Toys,1,40
2025-05-09,ORD10275,CUST3220,West,Tablet,Electronics,2,499
2025-05-19,ORD10276,CUST8314,North,Tablet,Electronics,3,499
2025-05-07,ORD10277,CUST8862,East,Blender,Home Appliances,9,89
2025-05-17,ORD10278,CUST6405,East,Blender,Home Appliances,7,89
2025-05-02,ORD10279,CUST1869,East,Tablet,Electronics,6,499
2025-05-21,ORD10280,CUST8066,East,Air Conditioner,Home Appliances,4,399
2025-05-27,ORD10281,CUST5883,West,T-shirt,Clothing,8,25
2025-05-05,ORD10282,CUST9415,West,Puzzle,Toys,8,20
2025-05-17,ORD10283,CUST9852,North,Puzzle,Toys,4,20
2025-05-18,ORD10284,CUST6989,South,Blender,Home Appliances,8,89
2025-05-25,ORD10285,CUST4174,South,Smartphone,Electronics,4,699
2025-05-21,ORD10286,CUST1605,East,Smartphone,Electronics,10,699
2025-05-12,ORD10287,CUST3250,North,Board Game,Toys,10,40
2025-05-24,ORD10288,CUST8107,East,Microwave,Home Appliances,9,150
2025-05-24,ORD10289,CUST4786,North,Tablet,Electronics,8,499
2025-05-25,ORD10290,CUST1540,North,Blender,Home Appliances,10,89
2025-05-10,ORD10291,CUST4828,North,Blender,Home Appliances,1,89
2025-05-04,ORD10292,CUST3547,South,Jacket,Clothing,8,75
2025-05-16,ORD10293,CUST5866,West,Board Game,Toys,2,40
2025-05-02,ORD10294,CUST8431,West,T-shirt,Clothing,2,25
2025-05-19,ORD10295,CUST3918,East,Board Game,Toys,1,40
2025-05-13,ORD10296,CUST4126,East,Puzzle,Toys,10,20
2025-05-14,ORD10297,CUST4899,North,Puzzle,Toys,8,20
2025-05-29,ORD10298,CUST2263,West,Board Game,Toys,6,40
2025-05-16,ORD10299,CUST1938,East,Board Game,Toys,3,40
2025-05-22,ORD10300,CUST5808,South,Tablet,Electronics,1,499
2025-05-28,ORD10301,CUST6975,North,Blender,Home Appliances,9,89
2025-05-15,ORD10302,CUST6041,West,Microwave,Home Appliances,3,150
2025-05-01,ORD10303,CUST6759,North,T-shirt,Clothing,5,25
2025-05-10,ORD10304,CUST2124,South,Board Game,Toys,8,40
2025-05-23,ORD10305,CUST7560,South,Jeans,Clothing,2,50
2025-05-12,ORD10306,CUST3866,West,Air Conditioner,Home Appliances,3,399
2025-05-28,ORD10307,CUST2520,South,Jeans,Clothing,1,50
2025-05-20,ORD10308,CUST4479,North,Jeans,Clothing,5,50
2025-05-22,ORD10309,CUST6208,South,Board Game,Toys,1,40
2025-05-05,ORD10310,CUST4284,East,Blender,Home Appliances,7,89
2025-05-04,ORD10311,CUST9005,North,Board Game,Toys,7,40
2025-05-31,ORD10312,CUST9676,East,Tablet,Electronics,6,499
2025-05-31,ORD10313,CUST1816,North,Smartphone,Electronics,2,699
2025-05-07,ORD10314,CUST1821,West,Air Conditioner,Home Appliances,5,399
2025-05-13,ORD10315,CUST1204,South,Tablet,Electronics,1,499
2025-05-13,ORD10316,CUST6862,West,Puzzle,Toys,5,20
2025-05-20,ORD10317,CUST4872,East,Air Conditioner,Home Appliances,3,399
2025-05-14,ORD10318,CUST5459,East,Air Conditioner,Home Appliances,7,399
2025-05-01,ORD10319,CUST1754,West,Tablet,Electronics,10,499
2025-05-19,ORD10320,CUST1340,West,Jacket,Clothing,7,75
2025-05-28,ORD10321,CUST8196,West,Jeans,Clothing,7,50
2025-05-10,ORD10322,CUST4391,South,Smartphone,Electronics,2,699
2025-05-15,ORD10323,CUST6649,East,Board Game,Toys,5,40
2025-05-17,ORD10324,CUST3423,East,Microwave,Home Appliances,10,150
2025-05-09,ORD10325,CUST4129,North,Board Game,Toys,3,40
2025-05-11,ORD10326,CUST3498,East,Laptop,Electronics,10,999
2025-05-02,ORD10327,CUST1315,North,Smartphone,Electronics,10,699
2025-05-14,ORD10328,CUST3795,South,Air Conditioner,Home Appliances,6,399
2025-05-07,ORD10329,CUST6693,North,Jacket,Clothing,1,75
2025-05-31,ORD10330,CUST9935,East,Tablet,Electronics,2,499
2025-05-18,ORD10331,CUST3167,West,T-shirt,Clothing,3,25
2025-05-01,ORD10332,CUST7123,South,Action Figure,Toys,8,30
2025-05-25,ORD10333,CUST9577,South,Blender,Home Appliances,5,89
2025-05-08,ORD10334,CUST1388,South,Microwave,Home Appliances,8,150
2025-05-17,ORD10335,CUST5942,West,Blender,Home Appliances,1,89
2025-05-31,ORD10336,CUST6173,South,Puzzle,Toys,9,20
2025-05-15,ORD10337,CUST4181,South,Smartphone,Electronics,2,699
2025-05-22,ORD10338,CUST6269,North,Smartphone,Electronics,8,699
2025-05-03,ORD10339,CUST9309,North,Laptop,Electronics,5,999
2025-05-10,ORD10340,CUST9998,East,Board Game,Toys,9,40
2025-05-18,ORD10341,CUST2232,West,Tablet,Electronics,3,499
2025-05-23,ORD10342,CUST5341,South,Jeans,Clothing,7,50
2025-05-04,ORD10343,CUST8845,East,Smartphone,Electronics,2,699
2025-05-08,ORD10344,CUST7631,East,Blender,Home Appliances,5,89
2025-05-26,ORD10345,CUST4807,East,Tablet,Electronics,8,499
2025-05-26,ORD10346,CUST7931,West,Laptop,Electronics,1,999
2025-05-24,ORD10347,CUST2615,East,Blender,Home Appliances,9,89
2025-05-04,ORD10348,CUST8799,West,Blender,Home Appliances,10,89
2025-05-08,ORD10349,CUST7635,East,Action Figure,Toys,6,30
2025-05-24,ORD10350,CUST3858,West,Jacket,Clothing,6,75
2025-05-19,ORD10351,CUST7878,South,Tablet,Electronics,7,499
2025-05-15,ORD10352,CUST3942,West,Laptop,Electronics,7,999
2025-05-21,ORD10353,CUST4495,East,Board Game,Toys,8,40
2025-05-20,ORD10354,CUST3804,North,Jeans,Clothing,2,50
2025-05-15,ORD10355,CUST5971,East,Smartphone,Electronics,1,699
2025-05-31,ORD10356,CUST5805,West,Board Game,Toys,1,40
2025-05-10,ORD10357,CUST8092,South,Puzzle,Toys,1,20
2025-05-27,ORD10358,CUST3053,West,Jeans,Clothing,3,50
2025-05-26,ORD10359,CUST8797,East,Microwave,Home Appliances,2,150
2025-05-17,ORD10360,CUST3927,South,Tablet,Electronics,5,499
2025-05-31,ORD10361,CUST8175,West,Action Figure,Toys,9,30
2025-05-24,ORD10362,CUST9919,West,Puzzle,Toys,5,20
2025-05-04,ORD10363,CUST9124,South,Board Game,Toys,9,40
2025-05-23,ORD10364,CUST7882,West,Laptop,Electronics,5,999
2025-05-02,ORD10365,CUST3266,North,Board Game,Toys,9,40
2025-05-02,ORD10366,CUST5832,West,Smartphone,Electronics,7,699
2025-05-14,ORD10367,CUST1655,South,Laptop,Electronics,5,999
2025-05-09,ORD10368,CUST5201,South,Smartphone,Electronics,10,699
2025-05-16,ORD10369,CUST3498,East,Blender,Home Appliances,5,89
2025-05-07,ORD10370,CUST8103,South,Blender,Home Appliances,10,89
2025-05-05,ORD10371,CUST1329,East,Laptop,Electronics,9,999
2025-05-18,ORD10372,CUST5247,South,Jeans,Clothing,4,50
2025-05-13,ORD10373,CUST3942,South,Microwave,Home Appliances,9,150
2025-05-02,ORD10374,CUST6967,South,Puzzle,Toys,6,20
2025-05-10,ORD10375,CUST8671,West,Jeans,Clothing,5,50
2025-05-22,ORD10376,CUST7086,North,Laptop,Electronics,5,999
2025-05-30,ORD10377,CUST6492,East,Action Figure,Toys,2,30
2025-05-20,ORD10378,CUST5457,South,T-shirt,Clothing,4,25
2025-05-23,ORD10379,CUST1244,West,Smartphone,Electronics,5,699
2025-05-26,ORD10380,CUST1454,East,Jacket,Clothing,7,75
2025-05-15,ORD10381,CUST1757,West,Puzzle,Toys,3,20
2025-05-30,ORD10382,CUST6528,West,Jeans,Clothing,7,50
2025-05-20,ORD10383,CUST5052,West,Smartphone,Electronics,1,699
2025-05-29,ORD10384,CUST1065,West,Smartphone,Electronics,5,699
2025-05-16,ORD10385,CUST3187,South,T-shirt,Clothing,10,25
2025-05-09,ORD10386,CUST7887,South,Jacket,Clothing,2,75
2025-05-11,ORD10387,CUST4840,North,Microwave,Home Appliances,8,150
2025-05-20,ORD10388,CUST1172,North,Board Game,Toys,5,40
2025-05-02,ORD10389,CUST8368,East,Puzzle,Toys,9,20
2025-05-07,ORD10390,CUST2497,East,Jeans,Clothing,7,50
2025-05-30,ORD10391,CUST1716,North,Laptop,Electronics,8,999
2025-05-31,ORD10392,CUST1745,East,Jeans,Clothing,10,50
2025-05-30,ORD10393,CUST7758,West,Board Game,Toys,8,40
2025-05-04,ORD10394,CUST5952,North,Microwave,Home Appliances,4,150
2025-05-10,ORD10395,CUST9716,North,Jeans,Clothing,2,50
2025-05-12,ORD10396,CUST8451,North,Jeans,Clothing,7,50
2025-05-13,ORD10397,CUST2610,East,Microwave,Home Appliances,10,150
2025-05-12,ORD10398,CUST8682,South,Tablet,Electronics,3,499
2025-05-11,ORD10399,CUST2455,West,Blender,Home Appliances,4,89
2025-05-14,ORD10400,CUST3731,West,T-shirt,Clothing,8,25
2025-05-21,ORD10401,CUST2793,East,Laptop,Electronics,9,999
2025-05-07,ORD10402,CUST5321,West,Action Figure,Toys,10,30
2025-05-02,ORD10403,CUST9499,East,Jacket,Clothing,6,75
2025-05-19,ORD10404,CUST6114,East,Smartphone,Electronics,8,699
2025-05-09,ORD10405,CUST3583,South,Blender,Home Appliances,6,89
2025-05-28,ORD10406,CUST5923,East,Action Figure,Toys,7,30
2025-05-18,ORD10407,CUST1224,South,Jacket,Clothing,6,75
2025-05-07,ORD10408,CUST2882,West,Air Conditioner,Home Appliances,7,399
2025-05-05,ORD10409,CUST8811,East,Tablet,Electronics,6,499
2025-05-19,ORD10410,CUST7482,West,Jeans,Clothing,3,50
2025-05-29,ORD10411,CUST2721,East,Microwave,Home Appliances,10,150
2025-05-31,ORD10412,CUST5914,West,Action Figure,Toys,2,30
2025-05-28,ORD10413,CUST8807,South,Blender,Home Appliances,3,89
2025-05-26,ORD10414,CUST1210,West,Puzzle,Toys,2,20
2025-05-15,ORD10415,CUST5399,West,Puzzle,Toys,2,20
2025-05-21,ORD10416,CUST2749,West,Microwave,Home Appliances,3,150
2025-05-23,ORD10417,CUST7873,East,Smartphone,Electronics,1,699
2025-05-14,ORD10418,CUST4118,South,Air Conditioner,Home Appliances,3,399
2025-05-16,ORD10419,CUST3458,South,Microwave,Home Appliances,10,150
2025-05-20,ORD10420,CUST5438,East,Microwave,Home Appliances,10,150
2025-05-17,ORD10421,CUST7855,North,Jacket,Clothing,9,75
2025-05-18,ORD10422,CUST1041,East,Tablet,Electronics,4,499
2025-05-14,ORD10423,CUST2081,South,Jeans,Clothing,8,50
2025-05-08,ORD10424,CUST7625,North,T-shirt,Clothing,8,25
2025-05-31,ORD10425,CUST6718,West,T-shirt,Clothing,6,25
2025-05-06,ORD10426,CUST5455,North,Blender,Home Appliances,4,89
2025-05-24,ORD10427,CUST3228,South,Action Figure,Toys,8,30
2025-05-30,ORD10428,CUST5912,West,Jeans,Clothing,9,50
2025-05-04,ORD10429,CUST1680,East,Air Conditioner,Home Appliances,3,399
2025-05-03,ORD10430,CUST1566,South,Blender,Home Appliances,6,89
2025-05-18,ORD10431,CUST7011,West,Jeans,Clothing,3,50
2025-05-13,ORD10432,CUST2754,South,Microwave,Home Appliances,4,150
2025-05-23,ORD10433,CUST4669,South,Jeans,Clothing,5,50
2025-05-06,ORD10434,CUST6132,East,Blender,Home Appliances,7,89
2025-05-22,ORD10435,CUST5808,West,Action Figure,Toys,3,30
2025-05-23,ORD10436,CUST1994,South,Microwave,Home Appliances,9,150
2025-05-02,ORD10437,CUST2126,West,Board Game,Toys,2,40
2025-05-26,ORD10438,CUST6992,South,Puzzle,Toys,8,20
2025-05-26,ORD10439,CUST1495,North,Tablet,Electronics,10,499
2025-05-14,ORD10440,CUST8754,East,Smartphone,Electronics,3,699
2025-05-06,ORD10441,CUST5213,North,Action Figure,Toys,1,30
2025-05-15,ORD10442,CUST4738,East,Laptop,Electronics,1,999
2025-05-11,ORD10443,CUST2166,East,Blender,Home Appliances,4,89
2025-05-31,ORD10444,CUST6556,East,Air Conditioner,Home Appliances,1,399
2025-05-23,ORD10445,CUST3979,East,T-shirt,Clothing,1,25
2025-05-29,ORD10446,CUST9760,West,Jeans,Clothing,1,50
2025-05-13,ORD10447,CUST3346,West,Laptop,Electronics,4,999
2025-05-26,ORD10448,CUST5929,North,Jacket,Clothing,4,75
2025-05-19,ORD10449,CUST3348,South,Jeans,Clothing,6,50
2025-05-27,ORD10450,CUST3879,East,Puzzle,Toys,9,20
2025-05-15,ORD10451,CUST5262,West,Jacket,Clothing,1,75
2025-05-08,ORD10452,CUST8948,North,Puzzle,Toys,2,20
2025-05-06,ORD10453,CUST7923,North,Air Conditioner,Home Appliances,4,399
2025-05-15,ORD10454,CUST2772,North,T-shirt,Clothing,7,25
2025-05-28,ORD10455,CUST3614,West,Board Game,Toys,8,40
2025-05-31,ORD10456,CUST4917,West,Air Conditioner,Home Appliances,3,399
2025-05-16,ORD10457,CUST8800,West,Blender,Home Appliances,4,89
2025-05-16,ORD10458,CUST2330,North,Jeans,Clothing,10,50
2025-05-02,ORD10459,CUST9866,South,Board Game,Toys,4,40
2025-05-06,ORD10460,CUST2207,South,Board Game,Toys,3,40
2025-05-01,ORD10461,CUST7809,North,Puzzle,Toys,9,20
2025-05-17,ORD10462,CUST3081,South,Laptop,Electronics,9,999
2025-05-15,ORD10463,CUST7131,North,Tablet,Electronics,5,499
2025-05-12,ORD10464,CUST4239,West,Jeans,Clothing,4,50
2025-05-03,ORD10465,CUST6229,North,Jeans,Clothing,2,50
2025-05-21,ORD10466,CUST1177,North,Tablet,Electronics,1,499
2025-05-15,ORD10467,CUST8196,East,Tablet,Electronics,6,499
2025-05-30,ORD10468,CUST7965,East,Microwave,Home Appliances,10,150
2025-05-24,ORD10469,CUST7606,North,Blender,Home Appliances,5,89
2025-05-02,ORD10470,CUST2246,East,Laptop,Electronics,10,999
2025-05-17,ORD10471,CUST3112,South,T-shirt,Clothing,2,25
2025-05-14,ORD10472,CUST8217,West,Microwave,Home Appliances,7,150
2025-05-05,ORD10473,CUST7712,East,Jeans,Clothing,10,50
2025-05-27,ORD10474,CUST6530,South,Jeans,Clothing,4,50
2025-05-03,ORD10475,CUST4458,West,T-shirt,Clothing,8,25
2025-05-25,ORD10476,CUST9862,East,Air Conditioner,Home Appliances,1,399
2025-05-22,ORD10477,CUST4656,North,Jacket,Clothing,7,75
2025-05-31,ORD10478,CUST6443,South,Blender,Home Appliances,5,89
2025-05-10,ORD10479,CUST5292,West,T-shirt,Clothing,10,25
2025-05-11,ORD10480,CUST1198,East,Puzzle,Toys,4,20
2025-05-14,ORD10481,CUST8600,East,Jacket,Clothing,10,75
2025-05-22,ORD10482,CUST7894,South,Blender,Home Appliances,6,89
2025-05-01,ORD10483,CUST8057,East,Jacket,Clothing,8,75
2025-05-15,ORD10484,CUST8219,North,Jeans,Clothing,8,50
2025-05-08,ORD10485,CUST3246,North,Action Figure,Toys,10,30
2025-05-27,ORD10486,CUST5498,North,Laptop,Electronics,5,999
2025-05-01,ORD10487,CUST2162,East,Laptop,Electronics,7,999
2025-05-09,ORD10488,CUST5769,East,Air Conditioner,Home Appliances,3,399
2025-05-30,ORD10489,CUST4851,East,Puzzle,Toys,3,20
2025-05-08,ORD10490,CUST4124,East,Laptop,Electronics,9,999
2025-05-14,ORD10491,CUST9750,West,Puzzle,Toys,9,20
2025-05-26,ORD10492,CUST8111,West,Blender,Home Appliances,4,89
2025-05-14,ORD10493,CUST9201,West,Jeans,Clothing,10,50
2025-05-16,ORD10494,CUST4586,North,Action Figure,Toys,4,30
2025-05-10,ORD10495,CUST5844,South,Board Game,Toys,5,40
2025-05-13,ORD10496,CUST4154,East,Smartphone,Electronics,6,699
2025-05-05,ORD10497,CUST3802,East,Tablet,Electronics,8,499
2025-05-09,ORD10498,CUST9428,North,Microwave,Home Appliances,6,150
2025-05-14,ORD10499,CUST4196,East,Air Conditioner,Home Appliances,5,399
2025-05-12,ORD10500,CUST3933,West,Action Figure,Toys,8,30
2025-05-17,ORD10501,CUST6270,East,Board Game,Toys,9,40
2025-05-05,ORD10502,CUST2320,North,Board Game,Toys,6,40
2025-05-16,ORD10503,CUST4277,South,Jeans,Clothing,10,50
2025-05-12,ORD10504,CUST1244,South,Jacket,Clothing,3,75
2025-05-22,ORD10505,CUST2243,South,Board Game,Toys,3,40
2025-05-22,ORD10506,CUST3192,East,Puzzle,Toys,1,20
2025-05-29,ORD10507,CUST1643,North,Blender,Home Appliances,7,89
2025-05-22,ORD10508,CUST7517,North,Jacket,Clothing,8,75
2025-05-28,ORD10509,CUST7848,East,Microwave,Home Appliances,3,150
2025-05-09,ORD10510,CUST7495,East,Smartphone,Electronics,7,699
2025-05-02,ORD10511,CUST2407,South,Laptop,Electronics,4,999
2025-05-06,ORD10512,CUST9738,South,Laptop,Electronics,10,999
2025-05-23,ORD10513,CUST1096,East,Jeans,Clothing,2,50
2025-05-06,ORD10514,CUST8738,North,Jacket,Clothing,1,75
2025-05-14,ORD10515,CUST6674,North,Tablet,Electronics,6,499
2025-05-18,ORD10516,CUST7430,East,Air Conditioner,Home Appliances,3,399
2025-05-10,ORD10517,CUST5644,East,Jacket,Clothing,1,75
2025-05-04,ORD10518,CUST1003,West,Jacket,Clothing,10,75
2025-05-19,ORD10519,CUST7915,North,Puzzle,Toys,6,20
2025-05-04,ORD10520,CUST7966,East,Action Figure,Toys,10,30
2025-05-07,ORD10521,CUST4462,East,Smartphone,Electronics,5,699
2025-05-14,ORD10522,CUST5131,North,Board Game,Toys,3,40
2025-05-03,ORD10523,CUST2922,South,Jacket,Clothing,3,75
2025-05-15,ORD10524,CUST8622,North,Puzzle,Toys,7,20
2025-05-24,ORD10525,CUST9735,West,Jeans,Clothing,6,50
2025-05-12,ORD10526,CUST5422,South,Air Conditioner,Home Appliances,6,399
2025-05-28,ORD10527,CUST7750,East,Blender,Home Appliances,8,89
2025-05-25,ORD10528,CUST3308,West,Blender,Home Appliances,2,89
2025-05-04,ORD10529,CUST3398,South,Puzzle,Toys,1,20
2025-05-11,ORD10530,CUST6739,East,Air Conditioner,Home Appliances,1,399
2025-05-06,ORD10531,CUST6309,East,Laptop,Electronics,7,999
2025-05-11,ORD10532,CUST9616,South,Microwave,Home Appliances,2,150
2025-05-03,ORD10533,CUST1049,East,Microwave,Home Appliances,1,150
2025-05-23,ORD10534,CUST8400,West,Air Conditioner,Home Appliances,5,399
2025-05-15,ORD10535,CUST5924,West,Tablet,Electronics,6,499
2025-05-27,ORD10536,CUST2006,West,Jeans,Clothing,1,50
2025-05-07,ORD10537,CUST1164,West,Jacket,Clothing,9,75
2025-05-22,ORD10538,CUST9682,West,Laptop,Electronics,6,999
2025-05-31,ORD10539,CUST6125,North,T-shirt,Clothing,3,25
2025-05-23,ORD10540,CUST6803,East,Action Figure,Toys,5,30
2025-05-12,ORD10541,CUST3849,South,Microwave,Home Appliances,9,150
2025-05-15,ORD10542,CUST3415,East,Blender,Home Appliances,7,89
2025-05-20,ORD10543,CUST3339,West,Laptop,Electronics,1,999
2025-05-07,ORD10544,CUST9887,North,T-shirt,Clothing,4,25
2025-05-13,ORD10545,CUST2892,West,Air Conditioner,Home Appliances,8,399
2025-05-27,ORD10546,CUST9575,North,Jacket,Clothing,2,75
2025-05-13,ORD10547,CUST1784,West,T-shirt,Clothing,4,25
2025-05-22,ORD10548,CUST6234,North,Blender,Home Appliances,5,89
2025-05-18,ORD10549,CUST3815,East,Air Conditioner,Home Appliances,2,399
2025-05-18,ORD10550,CUST9596,West,Jacket,Clothing,9,75
2025-05-23,ORD10551,CUST1126,North,Microwave,Home Appliances,8,150
2025-05-14,ORD10552,CUST1133,North,Puzzle,Toys,5,20
2025-05-31,ORD10553,CUST1027,East,Jeans,Clothing,4,50
2025-05-25,ORD10554,CUST8590,South,Action Figure,Toys,1,30
2025-05-27,ORD10555,CUST5679,West,Action Figure,Toys,1,30
2025-05-24,ORD10556,CUST8719,North,Board Game,Toys,8,40
2025-05-12,ORD10557,CUST8130,East,Jeans,Clothing,10,50
2025-05-07,ORD10558,CUST2825,North,Puzzle,Toys,7,20
2025-05-07,ORD10559,CUST2045,West,Smartphone,Electronics,3,699
2025-05-31,ORD10560,CUST2038,West,Laptop,Electronics,7,999
2025-05-03,ORD10561,CUST3161,East,Action Figure,Toys,9,30
2025-05-18,ORD10562,CUST8976,East,Microwave,Home Appliances,1,150
2025-05-03,ORD10563,CUST7975,South,Smartphone,Electronics,4,699
2025-05-19,ORD10564,CUST8830,West,Puzzle,Toys,2,20
2025-05-03,ORD10565,CUST1963,East,Jeans,Clothing,2,50
2025-05-03,ORD10566,CUST2901,East,Puzzle,Toys,5,20
2025-05-13,ORD10567,CUST2993,West,Blender,Home Appliances,8,89
2025-05-05,ORD10568,CUST8681,South,Tablet,Electronics,7,499
2025-05-08,ORD10569,CUST3867,East,Puzzle,Toys,2,20
2025-05-06,ORD10570,CUST1765,East,Microwave,Home Appliances,10,150
2025-05-26,ORD10571,CUST7387,East,Jacket,Clothing,1,75
2025-05-25,ORD10572,CUST6247,West,Smartphone,Electronics,9,699
2025-05-21,ORD10573,CUST8901,North,Puzzle,Toys,10,20
2025-05-15,ORD10574,CUST9286,South,Jacket,Clothing,4,75
2025-05-06,ORD10575,CUST2103,East,Laptop,Electronics,7,999
2025-05-03,ORD10576,CUST4600,West,Action Figure,Toys,8,30
2025-05-17,ORD10577,CUST1757,East,Microwave,Home Appliances,6,150
2025-05-09,ORD10578,CUST6478,West,Blender,Home Appliances,2,89
2025-05-15,ORD10579,CUST8301,East,Action Figure,Toys,10,30
2025-05-02,ORD10580,CUST6677,East,Laptop,Electronics,7,999
2025-05-16,ORD10581,CUST4281,North,Puzzle,Toys,8,20
2025-05-24,ORD10582,CUST6983,East,T-shirt,Clothing,9,25
2025-05-30,ORD10583,CUST6617,South,Blender,Home Appliances,9,89
2025-05-14,ORD10584,CUST2332,West,Puzzle,Toys,7,20
2025-05-19,ORD10585,CUST3253,North,Tablet,Electronics,10,499
2025-05-25,ORD10586,CUST8208,North,Action Figure,Toys,8,30
2025-05-12,ORD10587,CUST3564,West,Microwave,Home Appliances,6,150
2025-05-14,ORD10588,CUST5085,West,Microwave,Home Appliances,8,150
2025-05-19,ORD10589,CUST3597,North,Laptop,Electronics,6,999
2025-05-31,ORD10590,CUST7370,South,Jacket,Clothing,3,75
2025-05-29,ORD10591,CUST5059,North,Board Game,Toys,4,40
2025-05-04,ORD10592,CUST6757,North,Blender,Home Appliances,1,89
2025-05-12,ORD10593,CUST9523,North,Microwave,Home Appliances,4,150
2025-05-31,ORD10594,CUST3556,North,Smartphone,Electronics,2,699
2025-05-13,ORD10595,CUST5106,South,Laptop,Electronics,8,999
2025-05-23,ORD10596,CUST9092,South,Jacket,Clothing,3,75
2025-05-20,ORD10597,CUST2997,East,Laptop,Electronics,2,999
2025-05-21,ORD10598,CUST9146,North,Blender,Home Appliances,5,89
2025-05-27,ORD10599,CUST1671,East,Tablet,Electronics,3,499
2025-05-30,ORD10600,CUST8659,West,Tablet,Electronics,10,499
2025-05-09,ORD10601,CUST2691,South,Blender,Home Appliances,1,89
2025-05-26,ORD10602,CUST8054,South,Blender,Home Appliances,6,89
2025-05-19,ORD10603,CUST1303,East,Board Game,Toys,1,40
2025-05-11,ORD10604,CUST2432,West,Laptop,Electronics,7,999
2025-05-24,ORD10605,CUST7275,East,Tablet,Electronics,3,499
2025-05-22,ORD10606,CUST5937,North,Smartphone,Electronics,10,699
2025-05-21,ORD10607,CUST3827,West,Blender,Home Appliances,6,89
2025-05-30,ORD10608,CUST8614,South,Jeans,Clothing,9,50
2025-05-03,ORD10609,CUST9298,North,Board Game,Toys,6,40
2025-05-24,ORD10610,CUST1476,East,Microwave,Home Appliances,4,150
2025-05-02,ORD10611,CUST1034,East,Laptop,Electronics,4,999
2025-05-04,ORD10612,CUST5912,North,Jacket,Clothing,1,75
2025-05-27,ORD10613,CUST8296,North,Smartphone,Electronics,1,699
2025-05-13,ORD10614,CUST3891,South,Blender,Home Appliances,1,89
2025-05-11,ORD10615,CUST2982,North,Air Conditioner,Home Appliances,4,399
2025-05-22,ORD10616,CUST2650,East,Jeans,Clothing,4,50
2025-05-26,ORD10617,CUST6460,South,Blender,Home Appliances,6,89
2025-05-17,ORD10618,CUST5003,West,Puzzle,Toys,6,20
2025-05-15,ORD10619,CUST9357,South,Tablet,Electronics,4,499
2025-05-27,ORD10620,CUST4221,North,Jeans,Clothing,10,50
2025-05-17,ORD10621,CUST1253,North,Smartphone,Electronics,8,699
2025-05-17,ORD10622,CUST3401,South,Air Conditioner,Home Appliances,8,399
2025-05-01,ORD10623,CUST2689,South,Board Game,Toys,7,40
2025-05-20,ORD10624,CUST9335,East,Puzzle,Toys,2,20
2025-05-24,ORD10625,CUST5016,North,Board Game,Toys,1,40
2025-05-08,ORD10626,CUST2834,North,T-shirt,Clothing,10,25
2025-05-23,ORD10627,CUST8936,South,Blender,Home Appliances,5,89
2025-05-03,ORD10628,CUST5861,South,Blender,Home Appliances,9,89
2025-05-10,ORD10629,CUST9338,West,Blender,Home Appliances,7,89
2025-05-06,ORD10630,CUST5129,East,Tablet,Electronics,5,499
2025-05-04,ORD10631,CUST4528,South,Jacket,Clothing,3,75
2025-05-24,ORD10632,CUST7634,North,Jacket,Clothing,6,75
2025-05-04,ORD10633,CUST4576,East,Jeans,Clothing,2,50
2025-05-18,ORD10634,CUST2678,South,Laptop,Electronics,10,999
2025-05-24,ORD10635,CUST5919,East,Microwave,Home Appliances,4,150
2025-05-19,ORD10636,CUST8420,West,Puzzle,Toys,4,20
2025-05-23,ORD10637,CUST5420,West,Board Game,Toys,6,40
2025-05-29,ORD10638,CUST7944,North,T-shirt,Clothing,4,25
2025-05-16,ORD10639,CUST2136,South,Air Conditioner,Home Appliances,5,399
2025-05-07,ORD10640,CUST4829,West,Tablet,Electronics,8,499
2025-05-01,ORD10641,CUST1903,North,Tablet,Electronics,2,499
2025-05-17,ORD10642,CUST5612,West,Air Conditioner,Home Appliances,1,399
2025-05-15,ORD10643,CUST9941,East,Air Conditioner,Home Appliances,7,399
2025-05-25,ORD10644,CUST5943,East,Puzzle,Toys,2,20
2025-05-11,ORD10645,CUST5527,North,Jacket,Clothing,9,75
2025-05-05,ORD10646,CUST3756,West,Blender,Home Appliances,9,89
2025-05-10,ORD10647,CUST1103,North,Board Game,Toys,2,40
2025-05-13,ORD10648,CUST3408,East,Jacket,Clothing,4,75
2025-05-28,ORD10649,CUST7313,East,Board Game,Toys,9,40
2025-05-04,ORD10650,CUST9062,North,Jeans,Clothing,6,50
2025-05-25,ORD10651,CUST8712,East,T-shirt,Clothing,5,25
2025-05-28,ORD10652,CUST6028,North,Blender,Home Appliances,3,89
2025-05-22,ORD10653,CUST8269,South,Jeans,Clothing,10,50
2025-05-31,ORD10654,CUST4681,West,Action Figure,Toys,5,30
2025-05-15,ORD10655,CUST3421,North,Blender,Home Appliances,2,89
2025-05-20,ORD10656,CUST2372,West,Smartphone,Electronics,10,699
2025-05-10,ORD10657,CUST4590,North,Board Game,Toys,7,40
2025-05-02,ORD10658,CUST8149,West,Puzzle,Toys,5,20
2025-05-20,ORD10659,CUST8890,North,Smartphone,Electronics,1,699
2025-05-05,ORD10660,CUST4698,South,Tablet,Electronics,1,499
2025-05-13,ORD10661,CUST1129,North,Blender,Home Appliances,9,89
2025-05-08,ORD10662,CUST5655,East,Smartphone,Electronics,8,699
2025-05-01,ORD10663,CUST5141,West,Blender,Home Appliances,6,89
2025-05-13,ORD10664,CUST2811,West,Action Figure,Toys,9,30
2025-05-17,ORD10665,CUST1906,North,Microwave,Home Appliances,1,150
2025-05-30,ORD10666,CUST5002,North,Jacket,Clothing,8,75
2025-05-24,ORD10667,CUST9053,East,Action Figure,Toys,10,30
2025-05-14,ORD10668,CUST8719,East,Microwave,Home Appliances,4,150
2025-05-15,ORD10669,CUST5943,South,Board Game,Toys,1,40
2025-05-13,ORD10670,CUST4065,North,Action Figure,Toys,6,30
2025-05-22,ORD10671,CUST6489,East,Microwave,Home Appliances,7,150
2025-05-24,ORD10672,CUST5107,West,Jacket,Clothing,8,75
2025-05-29,ORD10673,CUST8987,North,Blender,Home Appliances,2,89
2025-05-25,ORD10674,CUST2705,East,Air Conditioner,Home Appliances,2,399
2025-05-31,ORD10675,CUST4391,West,Tablet,Electronics,7,499
2025-05-17,ORD10676,CUST5807,North,Board Game,Toys,3,40
2025-05-28,ORD10677,CUST2551,West,Blender,Home Appliances,2,89
2025-05-15,ORD10678,CUST4091,West,Air Conditioner,Home Appliances,9,399
2025-05-06,ORD10679,CUST9200,South,Laptop,Electronics,9,999
2025-05-26,ORD10680,CUST6800,East,Smartphone,Electronics,9,699
2025-05-21,ORD10681,CUST7113,East,Tablet,Electronics,7,499
2025-05-18,ORD10682,CUST4142,West,Microwave,Home Appliances,6,150
2025-05-04,ORD10683,CUST3390,West,Blender,Home Appliances,10,89
2025-05-22,ORD10684,CUST7725,West,Puzzle,Toys,8,20
2025-05-24,ORD10685,CUST6309,South,Microwave,Home Appliances,3,150
2025-05-28,ORD10686,CUST9550,South,Blender,Home Appliances,4,89
2025-05-02,ORD10687,CUST6549,North,Action Figure,Toys,9,30
2025-05-16,ORD10688,CUST2732,North,Jeans,Clothing,5,50
2025-05-06,ORD10689,CUST1726,East,Tablet,Electronics,3,499
2025-05-28,ORD10690,CUST3350,East,Blender,Home Appliances,3,89
2025-05-28,ORD10691,CUST9649,North,Air Conditioner,Home Appliances,2,399
2025-05-15,ORD10692,CUST1548,West,Jacket,Clothing,5,75
2025-05-05,ORD10693,CUST8518,East,Blender,Home Appliances,3,89
2025-05-31,ORD10694,CUST1070,South,T-shirt,Clothing,3,25
2025-05-30,ORD10695,CUST4948,South,Laptop,Electronics,8,999
2025-05-17,ORD10696,CUST8174,South,Tablet,Electronics,9,499
2025-05-08,ORD10697,CUST8054,South,Jacket,Clothing,7,75
2025-05-19,ORD10698,CUST5122,West,Smartphone,Electronics,3,699
2025-05-08,ORD10699,CUST4025,South,Smartphone,Electronics,5,699
2025-05-06,ORD10700,CUST1305,South,Puzzle,Toys,10,20
2025-05-02,ORD10701,CUST3424,East,Microwave,Home Appliances,10,150
2025-05-25,ORD10702,CUST8102,North,Blender,Home Appliances,8,89
2025-05-21,ORD10703,CUST3392,North,Tablet,Electronics,5,499
2025-05-06,ORD10704,CUST1740,East,Action Figure,Toys,2,30
2025-05-31,ORD10705,CUST8030,South,T-shirt,Clothing,8,25
2025-05-22,ORD10706,CUST3401,South,Puzzle,Toys,4,20
2025-05-02,ORD10707,CUST6158,East,Air Conditioner,Home Appliances,8,399
2025-05-05,ORD10708,CUST2629,South,Jacket,Clothing,7,75
2025-05-06,ORD10709,CUST5822,East,T-shirt,Clothing,8,25
2025-05-24,ORD10710,CUST1927,North,T-shirt,Clothing,3,25
2025-05-18,ORD10711,CUST9633,South,T-shirt,Clothing,1,25
2025-05-26,ORD10712,CUST6625,South,Smartphone,Electronics,5,699
2025-05-29,ORD10713,CUST7715,North,Microwave,Home Appliances,8,150
2025-05-17,ORD10714,CUST4484,East,Blender,Home Appliances,10,89
2025-05-25,ORD10715,CUST1183,West,Action Figure,Toys,4,30
2025-05-28,ORD10716,CUST4603,West,Jeans,Clothing,9,50
2025-05-14,ORD10717,CUST6707,West,Puzzle,Toys,10,20
2025-05-06,ORD10718,CUST6704,West,Laptop,Electronics,8,999
2025-05-08,ORD10719,CUST1982,North,Jeans,Clothing,3,50
2025-05-04,ORD10720,CUST4200,South,Blender,Home Appliances,9,89
2025-05-06,ORD10721,CUST7959,East,Action Figure,Toys,6,30
2025-05-14,ORD10722,CUST8070,North,Microwave,Home Appliances,3,150
2025-05-28,ORD10723,CUST5356,North,Laptop,Electronics,2,999
2025-05-21,ORD10724,CUST4896,West,Blender,Home Appliances,9,89
2025-05-02,ORD10725,CUST8236,West,Laptop,Electronics,10,999
2025-05-12,ORD10726,CUST3816,North,Puzzle,Toys,8,20
2025-05-23,ORD10727,CUST9013,West,Smartphone,Electronics,4,699
2025-05-23,ORD10728,CUST7914,South,Jeans,Clothing,4,50
2025-05-17,ORD10729,CUST2867,West,Jeans,Clothing,4,50
2025-05-03,ORD10730,CUST4007,North,Jeans,Clothing,5,50
2025-05-30,ORD10731,CUST6144,West,Tablet,Electronics,9,499
2025-05-23,ORD10732,CUST9582,West,Board Game,Toys,10,40
2025-05-26,ORD10733,CUST8755,South,Action Figure,Toys,7,30
2025-05-20,ORD10734,CUST9667,East,Jacket,Clothing,9,75
2025-05-06,ORD10735,CUST7875,East,Board Game,Toys,9,40
2025-05-25,ORD10736,CUST1155,East,Jacket,Clothing,1,75
2025-05-11,ORD10737,CUST5722,West,Blender,Home Appliances,2,89
2025-05-08,ORD10738,CUST4948,North,Microwave,Home Appliances,10,150
2025-05-03,ORD10739,CUST3694,South,Laptop,Electronics,1,999
2025-05-03,ORD10740,CUST6000,North,Tablet,Electronics,7,499
2025-05-28,ORD10741,CUST4755,East,Laptop,Electronics,6,999
2025-05-02,ORD10742,CUST2880,South,Tablet,Electronics,6,499
2025-05-05,ORD10743,CUST1697,East,Jacket,Clothing,5,75
2025-05-23,ORD10744,CUST4753,East,T-shirt,Clothing,7,25
2025-05-15,ORD10745,CUST6787,East,Tablet,Electronics,8,499
2025-05-31,ORD10746,CUST3835,East,Puzzle,Toys,4,20
2025-05-30,ORD10747,CUST8325,North,Board Game,Toys,2,40
2025-05-11,ORD10748,CUST6688,South,Microwave,Home Appliances,6,150
2025-05-31,ORD10749,CUST4874,West,Air Conditioner,Home Appliances,10,399
2025-05-23,ORD10750,CUST3786,East,Board Game,Toys,3,40
2025-05-11,ORD10751,CUST1859,East,Blender,Home Appliances,7,89
2025-05-21,ORD10752,CUST9269,West,Action Figure,Toys,3,30
2025-05-15,ORD10753,CUST9075,East,Board Game,Toys,6,40
2025-05-16,ORD10754,CUST4132,East,Microwave,Home Appliances,3,150
2025-05-14,ORD10755,CUST3714,East,Tablet,Electronics,7,499
2025-05-01,ORD10756,CUST1588,South,Jacket,Clothing,7,75
2025-05-23,ORD10757,CUST6437,North,Puzzle,Toys,6,20
2025-05-04,ORD10758,CUST9876,West,Tablet,Electronics,6,499
2025-05-03,ORD10759,CUST4607,South,Laptop,Electronics,5,999
2025-05-31,ORD10760,CUST4399,East,Tablet,Electronics,6,499
2025-05-22,ORD10761,CUST7856,South,Jeans,Clothing,5,50
2025-05-21,ORD10762,CUST7961,North,Smartphone,Electronics,3,699
2025-05-12,ORD10763,CUST2964,East,Board Game,Toys,3,40
2025-05-03,ORD10764,CUST8266,North,Puzzle,Toys,3,20
2025-05-06,ORD10765,CUST4030,North,Board Game,Toys,5,40
2025-05-09,ORD10766,CUST4016,South,Tablet,Electronics,1,499
2025-05-03,ORD10767,CUST1023,West,Action Figure,Toys,6,30
2025-05-12,ORD10768,CUST9374,South,Tablet,Electronics,7,499
2025-05-14,ORD10769,CUST4428,South,Board Game,Toys,3,40
2025-05-12,ORD10770,CUST4543,South,Puzzle,Toys,3,20
2025-05-15,ORD10771,CUST4935,East,Board Game,Toys,9,40
2025-05-28,ORD10772,CUST9069,West,Tablet,Electronics,6,499
2025-05-09,ORD10773,CUST3550,North,Laptop,Electronics,9,999
2025-05-11,ORD10774,CUST8413,East,Smartphone,Electronics,3,699
2025-05-01,ORD10775,CUST2505,West,Microwave,Home Appliances,7,150
2025-05-05,ORD10776,CUST9390,East,Puzzle,Toys,1,20
2025-05-21,ORD10777,CUST3219,West,Air Conditioner,Home Appliances,4,399
2025-05-14,ORD10778,CUST1811,North,Laptop,Electronics,1,999
2025-05-13,ORD10779,CUST8043,West,Smartphone,Electronics,2,699
2025-05-10,ORD10780,CUST7233,South,Microwave,Home Appliances,2,150
2025-05-06,ORD10781,CUST4318,East,Tablet,Electronics,10,499
2025-05-25,ORD10782,CUST2694,North,Action Figure,Toys,10,30
2025-05-09,ORD10783,CUST2680,West,Tablet,Electronics,3,499
2025-05-26,ORD10784,CUST6314,South,Jacket,Clothing,1,75
2025-05-29,ORD10785,CUST8123,South,T-shirt,Clothing,2,25
2025-05-29,ORD10786,CUST8859,West,Air Conditioner,Home Appliances,1,399
2025-05-06,ORD10787,CUST1602,West,Action Figure,Toys,4,30
2025-05-22,ORD10788,CUST7388,South,Jacket,Clothing,2,75
2025-05-19,ORD10789,CUST4193,North,Air Conditioner,Home Appliances,9,399
2025-05-20,ORD10790,CUST8898,North,Smartphone,Electronics,6,699
2025-05-24,ORD10791,CUST1399,East,Board Game,Toys,2,40
2025-05-22,ORD10792,CUST8981,East,Microwave,Home Appliances,10,150
2025-05-11,ORD10793,CUST1586,East,Microwave,Home Appliances,10,150
2025-05-09,ORD10794,CUST6463,West,Blender,Home Appliances,8,89
2025-05-02,ORD10795,CUST4504,East,Action Figure,Toys,10,30
2025-05-31,ORD10796,CUST3668,East,T-shirt,Clothing,10,25
2025-05-31,ORD10797,CUST4208,North,Microwave,Home Appliances,9,150
2025-05-16,ORD10798,CUST7530,North,Blender,Home Appliances,8,89
2025-05-10,ORD10799,CUST7409,West,Board Game,Toys,5,40
2025-05-13,ORD10800,CUST2492,East,Jacket,Clothing,9,75
2025-05-27,ORD10801,CUST1899,East,Board Game,Toys,10,40
2025-05-16,ORD10802,CUST6769,North,Blender,Home Appliances,10,89
2025-05-17,ORD10803,CUST5113,North,Tablet,Electronics,6,499
2025-05-05,ORD10804,CUST6668,North,Jeans,Clothing,2,50
2025-05-13,ORD10805,CUST4620,South,Blender,Home Appliances,6,89
2025-05-26,ORD10806,CUST6417,North,Action Figure,Toys,9,30
2025-05-04,ORD10807,CUST4821,West,Blender,Home Appliances,2,89
2025-05-12,ORD10808,CUST7028,North,Microwave,Home Appliances,5,150
2025-05-31,ORD10809,CUST9418,West,Microwave,Home Appliances,4,150
2025-05-15,ORD10810,CUST6442,West,T-shirt,Clothing,4,25
2025-05-10,ORD10811,CUST4233,West,Smartphone,Electronics,4,699
2025-05-06,ORD10812,CUST8003,South,T-shirt,Clothing,2,25
2025-05-17,ORD10813,CUST6398,West,Board Game,Toys,6,40
2025-05-20,ORD10814,CUST5527,West,Air Conditioner,Home Appliances,9,399
2025-05-01,ORD10815,CUST2424,South,Microwave,Home Appliances,10,150
2025-05-26,ORD10816,CUST8399,North,Smartphone,Electronics,1,699
2025-05-09,ORD10817,CUST9262,South,Tablet,Electronics,10,499
2025-05-22,ORD10818,CUST4985,West,Tablet,Electronics,4,499
2025-05-21,ORD10819,CUST1050,East,Air Conditioner,Home Appliances,10,399
2025-05-29,ORD10820,CUST1975,South,Jeans,Clothing,10,50
2025-05-29,ORD10821,CUST2431,East,T-shirt,Clothing,6,25
2025-05-05,ORD10822,CUST5491,East,Smartphone,Electronics,5,699
2025-05-16,ORD10823,CUST8870,East,Jacket,Clothing,1,75
2025-05-20,ORD10824,CUST1845,South,Puzzle,Toys,7,20
2025-05-02,ORD10825,CUST9512,North,Jacket,Clothing,3,75
2025-05-13,ORD10826,CUST4534,South,Microwave,Home Appliances,8,150
2025-05-13,ORD10827,CUST9534,West,Air Conditioner,Home Appliances,3,399
2025-05-29,ORD10828,CUST8270,West,Laptop,Electronics,5,999
2025-05-15,ORD10829,CUST2601,West,Jeans,Clothing,9,50
2025-05-14,ORD10830,CUST3359,North,Puzzle,Toys,2,20
2025-05-30,ORD10831,CUST2449,North,Puzzle,Toys,2,20
2025-05-20,ORD10832,CUST6803,North,Action Figure,Toys,3,30
2025-05-22,ORD10833,CUST6498,West,Laptop,Electronics,2,999
2025-05-22,ORD10834,CUST3888,West,Air Conditioner,Home Appliances,5,399
2025-05-26,ORD10835,CUST6504,North,Blender,Home Appliances,6,89
2025-05-23,ORD10836,CUST2017,North,Jeans,Clothing,9,50
2025-05-28,ORD10837,CUST4245,North,Action Figure,Toys,2,30
2025-05-02,ORD10838,CUST8417,West,Microwave,Home Appliances,3,150
2025-05-13,ORD10839,CUST3077,North,Board Game,Toys,10,40
2025-05-01,ORD10840,CUST6463,West,Smartphone,Electronics,10,699
2025-05-10,ORD10841,CUST6935,North,Tablet,Electronics,1,499
2025-05-24,ORD10842,CUST7365,South,Jeans,Clothing,3,50
2025-05-29,ORD10843,CUST6740,East,Air Conditioner,Home Appliances,4,399
2025-05-20,ORD10844,CUST1813,West,Tablet,Electronics,9,499
2025-05-25,ORD10845,CUST6431,West,Jeans,Clothing,1,50
2025-05-30,ORD10846,CUST4651,East,Jeans,Clothing,9,50
2025-05-21,ORD10847,CUST7553,North,Laptop,Electronics,6,999
2025-05-24,ORD10848,CUST3629,East,Tablet,Electronics,5,499
2025-05-03,ORD10849,CUST3864,West,Smartphone,Electronics,1,699
2025-05-03,ORD10850,CUST2048,South,Puzzle,Toys,5,20
2025-05-14,ORD10851,CUST5527,West,Smartphone,Electronics,9,699
2025-05-25,ORD10852,CUST3179,East,T-shirt,Clothing,2,25
2025-05-12,ORD10853,CUST5378,South,Puzzle,Toys,3,20
2025-05-22,ORD10854,CUST2456,East,Air Conditioner,Home Appliances,1,399
2025-05-24,ORD10855,CUST3824,South,Jacket,Clothing,2,75
2025-05-05,ORD10856,CUST2308,North,Blender,Home Appliances,10,89
2025-05-17,ORD10857,CUST1430,West,Action Figure,Toys,2,30
2025-05-20,ORD10858,CUST5867,East,Smartphone,Electronics,7,699
2025-05-09,ORD10859,CUST2836,South,Blender,Home Appliances,3,89
2025-05-08,ORD10860,CUST7254,East,Blender,Home Appliances,1,89
2025-05-18,ORD10861,CUST8207,South,Laptop,Electronics,3,999
2025-05-03,ORD10862,CUST7314,East,Smartphone,Electronics,4,699
2025-05-13,ORD10863,CUST8019,West,Air Conditioner,Home Appliances,8,399
2025-05-10,ORD10864,CUST6522,North,Jeans,Clothing,8,50
2025-05-08,ORD10865,CUST4590,North,Blender,Home Appliances,5,89
2025-05-28,ORD10866,CUST8133,West,Jacket,Clothing,4,75
2025-05-25,ORD10867,CUST3073,East,Tablet,Electronics,2,499
2025-05-30,ORD10868,CUST1910,West,T-shirt,Clothing,3,25
2025-05-15,ORD10869,CUST1676,North,Microwave,Home Appliances,8,150
2025-05-04,ORD10870,CUST1033,West,Blender,Home Appliances,10,89
2025-05-22,ORD10871,CUST3843,South,Jeans,Clothing,3,50
2025-05-12,ORD10872,CUST5908,North,Jacket,Clothing,8,75
2025-05-07,ORD10873,CUST8837,South,T-shirt,Clothing,2,25
2025-05-19,ORD10874,CUST8750,North,Blender,Home Appliances,6,89
2025-05-03,ORD10875,CUST6635,West,Smartphone,Electronics,8,699
2025-05-01,ORD10876,CUST3372,North,Microwave,Home Appliances,6,150
2025-05-26,ORD10877,CUST5236,South,Air Conditioner,Home Appliances,2,399
2025-05-18,ORD10878,CUST6810,South,Microwave,Home Appliances,1,150
2025-05-12,ORD10879,CUST2660,South,Action Figure,Toys,2,30
2025-05-19,ORD10880,CUST4286,East,Microwave,Home Appliances,4,150
2025-05-28,ORD10881,CUST9079,East,Action Figure,Toys,3,30
2025-05-22,ORD10882,CUST3544,North,Jacket,Clothing,7,75
2025-05-27,ORD10883,CUST1823,South,T-shirt,Clothing,9,25
2025-05-19,ORD10884,CUST1772,East,Smartphone,Electronics,10,699
2025-05-26,ORD10885,CUST9512,South,Jacket,Clothing,2,75
2025-05-10,ORD10886,CUST2670,East,Board Game,Toys,10,40
2025-05-10,ORD10887,CUST4899,North,Jacket,Clothing,6,75
2025-05-17,ORD10888,CUST4232,West,Puzzle,Toys,6,20
2025-05-08,ORD10889,CUST2606,South,Jacket,Clothing,7,75
2025-05-27,ORD10890,CUST9693,South,Smartphone,Electronics,8,699
2025-05-19,ORD10891,CUST9198,East,T-shirt,Clothing,1,25
2025-05-10,ORD10892,CUST5552,East,Jacket,Clothing,3,75
2025-05-17,ORD10893,CUST2090,South,Jacket,Clothing,7,75
2025-05-20,ORD10894,CUST7266,East,Air Conditioner,Home Appliances,6,399
2025-05-26,ORD10895,CUST8729,North,T-shirt,Clothing,6,25
2025-05-02,ORD10896,CUST3850,North,Puzzle,Toys,2,20
2025-05-02,ORD10897,CUST3214,North,Puzzle,Toys,3,20
2025-05-14,ORD10898,CUST1986,East,Board Game,Toys,6,40
2025-05-18,ORD10899,CUST9053,North,Blender,Home Appliances,1,89
2025-05-01,ORD10900,CUST8406,East,Jeans,Clothing,1,50
2025-05-18,ORD10901,CUST4215,North,Air Conditioner,Home Appliances,5,399
2025-05-19,ORD10902,CUST3471,East,Jacket,Clothing,1,75
2025-05-10,ORD10903,CUST6878,South,Microwave,Home Appliances,2,150
2025-05-03,ORD10904,CUST5008,South,Blender,Home Appliances,5,89
2025-05-09,ORD10905,CUST8715,West,Tablet,Electronics,7,499
2025-05-14,ORD10906,CUST5291,East,Puzzle,Toys,5,20
2025-05-25,ORD10907,CUST3339,West,Smartphone,Electronics,9,699
2025-05-15,ORD10908,CUST3044,East,Jacket,Clothing,7,75
2025-05-22,ORD10909,CUST6396,East,Blender,Home Appliances,4,89
2025-05-16,ORD10910,CUST5632,North,Board Game,Toys,10,40
2025-05-03,ORD10911,CUST5419,North,Smartphone,Electronics,5,699
2025-05-10,ORD10912,CUST5893,North,Puzzle,Toys,2,20
2025-05-01,ORD10913,CUST5164,North,Microwave,Home Appliances,5,150
2025-05-27,ORD10914,CUST9393,North,T-shirt,Clothing,8,25
2025-05-04,ORD10915,CUST1531,East,Puzzle,Toys,4,20
2025-05-05,ORD10916,CUST3292,South,Laptop,Electronics,2,999
2025-05-29,ORD10917,CUST5831,South,Action Figure,Toys,2,30
2025-05-26,ORD10918,CUST3173,North,Board Game,Toys,7,40
2025-05-05,ORD10919,CUST5150,West,Microwave,Home Appliances,5,150
2025-05-30,ORD10920,CUST3343,South,Action Figure,Toys,4,30
2025-05-06,ORD10921,CUST5477,North,Smartphone,Electronics,6,699
2025-05-27,ORD10922,CUST7537,East,Action Figure,Toys,7,30
2025-05-30,ORD10923,CUST4233,East,Jeans,Clothing,4,50
2025-05-24,ORD10924,CUST8176,South,Jacket,Clothing,5,75
2025-05-26,ORD10925,CUST9940,South,Tablet,Electronics,1,499
2025-05-19,ORD10926,CUST9556,North,Board Game,Toys,9,40
2025-05-21,ORD10927,CUST9797,South,Jacket,Clothing,7,75
2025-05-18,ORD10928,CUST6620,East,Microwave,Home Appliances,7,150
2025-05-15,ORD10929,CUST5497,West,Air Conditioner,Home Appliances,2,399
2025-05-13,ORD10930,CUST3606,West,Blender,Home Appliances,2,89
2025-05-29,ORD10931,CUST8923,West,Laptop,Electronics,9,999
2025-05-11,ORD10932,CUST4100,East,Smartphone,Electronics,10,699
2025-05-01,ORD10933,CUST8331,North,Microwave,Home Appliances,9,150
2025-05-18,ORD10934,CUST8937,East,Air Conditioner,Home Appliances,9,399
2025-05-14,ORD10935,CUST6999,West,Laptop,Electronics,1,999
2025-05-15,ORD10936,CUST4168,West,Air Conditioner,Home Appliances,9,399
2025-05-14,ORD10937,CUST5995,South,Microwave,Home Appliances,10,150
2025-05-06,ORD10938,CUST4495,North,Jeans,Clothing,4,50
2025-05-10,ORD10939,CUST3582,West,Puzzle,Toys,5,20
2025-05-03,ORD10940,CUST5661,South,Board Game,Toys,4,40
2025-05-02,ORD10941,CUST1230,East,T-shirt,Clothing,3,25
2025-05-21,ORD10942,CUST2760,West,Laptop,Electronics,4,999
2025-05-24,ORD10943,CUST6417,North,Action Figure,Toys,9,30
2025-05-07,ORD10944,CUST3749,South,Laptop,Electronics,5,999
2025-05-15,ORD10945,CUST7127,East,Laptop,Electronics,6,999
2025-05-25,ORD10946,CUST5553,East,Jeans,Clothing,5,50
2025-05-04,ORD10947,CUST8571,West,Board Game,Toys,6,40
2025-05-23,ORD10948,CUST9825,North,Action Figure,Toys,4,30
2025-05-03,ORD10949,CUST5968,South,Smartphone,Electronics,4,699
2025-05-26,ORD10950,CUST3727,West,Blender,Home Appliances,5,89
2025-05-04,ORD10951,CUST5579,West,Jeans,Clothing,5,50
2025-05-19,ORD10952,CUST8712,North,Action Figure,Toys,5,30
2025-05-06,ORD10953,CUST1339,South,Smartphone,Electronics,6,699
2025-05-04,ORD10954,CUST2834,North,Jeans,Clothing,5,50
2025-05-17,ORD10955,CUST5983,West,Microwave,Home Appliances,6,150
2025-05-15,ORD10956,CUST2420,West,Board Game,Toys,9,40
2025-05-23,ORD10957,CUST4722,East,Tablet,Electronics,6,499
2025-05-13,ORD10958,CUST9736,West,Air Conditioner,Home Appliances,7,399
2025-05-30,ORD10959,CUST9663,East,Board Game,Toys,4,40
2025-05-11,ORD10960,CUST5762,North,Puzzle,Toys,8,20
2025-05-09,ORD10961,CUST8122,East,Board Game,Toys,4,40
2025-05-23,ORD10962,CUST7827,North,Action Figure,Toys,3,30
2025-05-22,ORD10963,CUST9786,East,Jeans,Clothing,6,50
2025-05-13,ORD10964,CUST9561,West,Puzzle,Toys,4,20
2025-05-18,ORD10965,CUST9264,West,Blender,Home Appliances,6,89
2025-05-03,ORD10966,CUST2318,West,T-shirt,Clothing,10,25
2025-05-23,ORD10967,CUST1161,North,Tablet,Electronics,8,499
2025-05-10,ORD10968,CUST9581,South,Jeans,Clothing,7,50
2025-05-25,ORD10969,CUST7126,South,Action Figure,Toys,3,30
2025-05-22,ORD10970,CUST6456,East,Jacket,Clothing,6,75
2025-05-22,ORD10971,CUST4396,North,Tablet,Electronics,4,499
2025-05-21,ORD10972,CUST1709,North,Jacket,Clothing,5,75
2025-05-22,ORD10973,CUST4690,East,T-shirt,Clothing,2,25
2025-05-07,ORD10974,CUST4253,North,Jeans,Clothing,4,50
2025-05-24,ORD10975,CUST4892,North,Laptop,Electronics,4,999
2025-05-12,ORD10976,CUST3210,North,Board Game,Toys,2,40
2025-05-31,ORD10977,CUST1076,South,Tablet,Electronics,1,499
2025-05-30,ORD10978,CUST7706,West,Action Figure,Toys,9,30
2025-05-13,ORD10979,CUST2626,South,Jeans,Clothing,3,50
2025-05-13,ORD10980,CUST8074,West,T-shirt,Clothing,6,25
2025-05-27,ORD10981,CUST4808,West,Air Conditioner,Home Appliances,6,399
2025-05-06,ORD10982,CUST1489,East,Laptop,Electronics,7,999
2025-05-29,ORD10983,CUST6161,West,Air Conditioner,Home Appliances,2,399
2025-05-09,ORD10984,CUST1895,North,T-shirt,Clothing,5,25
2025-05-16,ORD10985,CUST5705,West,Jacket,Clothing,3,75
2025-05-17,ORD10986,CUST5881,East,Action Figure,Toys,3,30
2025-05-06,ORD10987,CUST6698,East,Blender,Home Appliances,10,89
2025-05-26,ORD10988,CUST4005,West,Laptop,Electronics,6,999
2025-05-03,ORD10989,CUST7984,South,Board Game,Toys,3,40
2025-05-23,ORD10990,CUST7223,North,Blender,Home Appliances,7,89
2025-05-14,ORD10991,CUST2376,West,T-shirt,Clothing,2,25
2025-05-10,ORD10992,CUST4992,East,Puzzle,Toys,5,20
2025-05-03,ORD10993,CUST8576,South,T-shirt,Clothing,6,25
2025-05-03,ORD10994,CUST2918,South,Jacket,Clothing,6,75
2025-05-29,ORD10995,CUST8312,East,Smartphone,Electronics,1,699
2025-05-17,ORD10996,CUST2411,East,Jacket,Clothing,10,75
2025-05-30,ORD10997,CUST2671,South,Microwave,Home Appliances,10,150
2025-05-22,ORD10998,CUST8956,North,T-shirt,Clothing,7,25
2025-05-16,ORD10999,CUST4060,East,Blender,Home Appliances,7,89
